{
  "summary": {
    "case_id": "spiral_dep_1_sign_-1_f_1388.56kHz_V_22.4514_u_2460_split_0.355515",
    "seed": 3109,
    "geometry": "spiral",
    "dep_enabled": true,
    "dep_sign": -1.0,
    "frequency_hz": 1388555.0612704507,
    "turns": 8.303347096875203,
    "pitch_um": 248.4755694119932,
    "channel_width_um": 194.45206756067563,
    "voltage_v": 22.451426093041206,
    "velocity_um_s": 2459.6769046370628,
    "outlet_split_ratio": 0.3555152519014947,
    "correct_A_live_inner_dead_outer": 0.065,
    "correct_B_live_outer_dead_inner": 0.935,
    "target_correct": 0.935,
    "preferred_direction": "B_live_outer_dead_inner",
    "live_recovery_A": 0.07,
    "dead_removal_A": 0.06,
    "wall_loss": 0.0,
    "live_final_lateral_mean_um": -15.772871167687939,
    "dead_final_lateral_mean_um": -48.80112104359589,
    "distribution_gap_um": 33.02824987590795
  },
  "candidate": {
    "stage": "segmented_spiral",
    "sample_id": 164.0,
    "case_id": "spiral_dep_1_sign_-1_f_1388.56kHz_V_22.4514_u_2460_split_0.355515",
    "mean_target_correct": 0.9472222222222223,
    "std_target_correct": 0.012729376930432893,
    "mean_wall_loss": 0.0,
    "mean_gap_um": 34.72280160533447,
    "mean_score": 1.0687520278408928,
    "preferred_direction": "B_live_outer_dead_inner",
    "frequency_hz": 1388555.0612704507,
    "voltage_v": 22.451426093041206,
    "velocity_um_s": 2459.6769046370628,
    "turns": 8.303347096875203,
    "inner_radius_um": 1647.864415385572,
    "pitch_um": 248.4755694119932,
    "channel_width_um": 194.45206756067563,
    "outlet_split_ratio": 0.3555152519014947,
    "inlet_offset_ratio": -0.624924223339343,
    "inlet_spread_ratio": 0.3086177086375571,
    "dep_start_fraction": 0.542395415472512,
    "dep_end_fraction": 0.9211764627205511,
    "dean_scale": 0.4240246081708122,
    "dep_sign": -1.0
  },
  "synergy": {
    "stage": "segmented_spiral",
    "sample_id": 164.0,
    "case_id": "spiral_dep_1_sign_-1_f_1388.56kHz_V_22.4514_u_2460_split_0.355515",
    "mean_target_correct": 0.9472222222222223,
    "std_target_correct": 0.012729376930432893,
    "mean_wall_loss": 0.0,
    "mean_gap_um": 34.72280160533447,
    "mean_score": 1.0687520278408928,
    "preferred_direction": "B_live_outer_dead_inner",
    "frequency_hz": 1388555.0612704507,
    "voltage_v": 22.451426093041206,
    "velocity_um_s": 2459.6769046370628,
    "turns": 8.303347096875203,
    "inner_radius_um": 1647.864415385572,
    "pitch_um": 248.4755694119932,
    "channel_width_um": 194.45206756067563,
    "outlet_split_ratio": 0.3555152519014947,
    "inlet_offset_ratio": -0.624924223339343,
    "inlet_spread_ratio": 0.3086177086375571,
    "dep_start_fraction": 0.542395415472512,
    "dep_end_fraction": 0.9211764627205511,
    "dean_scale": 0.4240246081708122,
    "dep_sign": -1.0,
    "spiral_dep_on": 0.93125,
    "straight_dep_on": 0.753125,
    "spiral_flow_only": 0.503125,
    "straight_flow_only": 0.465625,
    "spiral_gain": 0.17812499999999998,
    "dep_gain": 0.428125,
    "synergy_score": 0.17812499999999998,
    "spiral_wall_loss": 0.0
  }
}
