scenario,n,mean_target_correct,std_target_correct,min_target_correct,mean_wall_loss,mean_live_recovery,mean_dead_removal,mean_live_outlet_purity,mean_dead_outlet_purity
nominal_heldout,6,0.9454761904761905,0.0070806817766207245,0.9357142857142857,0.0,0.9366666666666665,0.9542857142857142,0.953625108067235,0.9378455423843118
tolerance_perturbed,12,0.9223333333333333,0.08316832147500453,0.71,0.0,0.8886666666666666,0.9560000000000001,0.9514563058434259,0.9049910975509438
straight_same_length_dep,4,0.7370833333333333,0.00724888241705547,0.7266666666666667,0.06791666666666667,0.5691666666666667,0.905,1.0,0.6991354227069801
spiral_dep_moderate_inlet,4,0.72,0.009813067629253151,0.71,0.0,0.9958333333333333,0.4441666666666667,0.6418413993746925,0.990666497475856
spiral_dep_unfocused_inlet,4,0.56125,0.006718548123582116,0.5533333333333333,0.1325,0.8383333333333334,0.2841666666666667,0.5835401012714255,0.9524696005828276
spiral_no_dep,4,0.5083333333333333,0.004082482904638634,0.5033333333333333,0.0,0.28250000000000003,0.7341666666666666,0.5586806917876719,0.5480716927100575
