{
  "family": "elliptic_s_bend_prefocus_spiral",
  "equation": "S-bend inlet + x=(a+b theta) cos(theta), y=e(a+b theta) sin(theta)",
  "shape_class": "elliptic_spiral_with_s_bend",
  "inlet_kind": "s_bend_prefocus",
  "frequency_hz": 1923381.0117635739,
  "voltage_v": 11.604651024751991,
  "velocity_m_s": 0.0009636592284572387,
  "turns": 0.8082048122154315,
  "radius_m": 0.0008909922043305139,
  "pitch_m_per_rad": 1.5455376023422205e-05,
  "channel_width_m": 9.130106674509231e-05,
  "eccentricity": 0.6329982954386832,
  "curvature_power": 1.0,
  "inlet_length_m": 0.0011363058524843995,
  "outlet_split_ratio": 0.3155933163803046,
  "inlet_offset_ratio": -0.5604001274768408,
  "inlet_spread_ratio": 0.16759631635739702,
  "dep_start_fraction": 0.24076740752317366,
  "dep_end_fraction": 0.7285413904267724,
  "dep_edge_smoothness": 0.031687567405022654,
  "electrode_gap_m": 4.406095667514144e-05,
  "electrode_coverage": 0.44091106810746256,
  "field_gain": 1.0850903841594826,
  "dep_sign": -1.0,
  "dean_base": 0.6713349837089154,
  "note": "Smooth S-bend focusing inlet followed by a clean elliptic spiral.",
  "dean_scale": 1.0567801349099102,
  "predicted_v11_score": 0.8268666402407816
}
