{
  "family": "logarithmic_spiral_short",
  "equation": "r(theta)=a exp(k theta)",
  "shape_class": "logarithmic_spiral",
  "inlet_kind": "tangential",
  "frequency_hz": 1166967.6447934967,
  "voltage_v": 20.561513716648747,
  "velocity_m_s": 0.0009418517314310916,
  "turns": 0.9002546313849693,
  "radius_m": 0.000903631722201046,
  "pitch_m_per_rad": 1.087534592735703e-05,
  "channel_width_m": 9.252886957657628e-05,
  "eccentricity": 1.0,
  "curvature_power": 1.0,
  "inlet_length_m": 0.0006771861446395664,
  "outlet_split_ratio": 0.34548890591340525,
  "inlet_offset_ratio": -0.44936580822514977,
  "inlet_spread_ratio": 0.36559053089889926,
  "dep_start_fraction": 0.31781446903450034,
  "dep_end_fraction": 0.8713341331504048,
  "dep_edge_smoothness": 0.04468767516923883,
  "electrode_gap_m": 4.780098110614256e-05,
  "electrode_coverage": 0.3114386731248988,
  "field_gain": 1.0524549685931375,
  "dep_sign": -1.0,
  "dean_base": 1.0711282902984605,
  "note": "Smooth logarithmic spiral; constant growth ratio rather than arbitrary modulation.",
  "dean_scale": 1.5731729903397147
}
