{
  "family": "monotone_curvature_spiral",
  "equation": "r(theta)=r0/(1+k theta)^p",
  "shape_class": "monotone_curvature_spiral",
  "inlet_kind": "outer_low_curvature_entry",
  "frequency_hz": 1636501.6717966013,
  "voltage_v": 14.375166824617455,
  "velocity_m_s": 0.0015884416940968884,
  "turns": 1.2059665261655397,
  "radius_m": 0.0010146160483793763,
  "pitch_m_per_rad": 1.6647328861290954e-05,
  "channel_width_m": 9.60862568502108e-05,
  "eccentricity": 1.0,
  "curvature_power": 1.1638201410895466,
  "inlet_length_m": 0.0007048073199949251,
  "outlet_split_ratio": 0.407209068445479,
  "inlet_offset_ratio": -0.48002269110239293,
  "inlet_spread_ratio": 0.16963066435447183,
  "dep_start_fraction": 0.2335934765508016,
  "dep_end_fraction": 0.8799601523090045,
  "dep_edge_smoothness": 0.027692251855850718,
  "electrode_gap_m": 4.8143367589183365e-05,
  "electrode_coverage": 0.6152455414719535,
  "field_gain": 1.1102830371292187,
  "dep_sign": -1.0,
  "dean_base": 1.0237251786973132,
  "note": "Curvature increases smoothly along the path instead of adding arbitrary waves.",
  "dean_scale": 1.6863615959255893
}
