{
  "family": "short_circular_c_arc",
  "equation": "partial circular spiral arc r(theta)=a+b theta, theta<1.2 turns",
  "shape_class": "short_c_arc",
  "inlet_kind": "dual_side_electrode_entry",
  "frequency_hz": 1274293.877746433,
  "voltage_v": 19.751682248933257,
  "velocity_m_s": 0.0023476090886746766,
  "turns": 0.49406797983123696,
  "radius_m": 0.001105849645275473,
  "pitch_m_per_rad": 1.9398015058012684e-05,
  "channel_width_m": 9.366249504265204e-05,
  "eccentricity": 1.0,
  "curvature_power": 1.0,
  "inlet_length_m": 0.0008714027135663089,
  "outlet_split_ratio": 0.30960819789750543,
  "inlet_offset_ratio": -0.490666771169796,
  "inlet_spread_ratio": 0.09911809666178373,
  "dep_start_fraction": 0.1257269780912619,
  "dep_end_fraction": 0.8214254822932707,
  "dep_edge_smoothness": 0.03266456344123733,
  "electrode_gap_m": 3.193756121019177e-05,
  "electrode_coverage": 0.5189321159392957,
  "field_gain": 1.180526905471436,
  "dep_sign": -1.0,
  "dean_base": 0.4046677986180462,
  "note": "Very short C-arc/facing-electrode reference geometry.",
  "dean_scale": 0.4892822879315075,
  "predicted_v11_score": 0.7971962023113476
}
