{
  "family": "monotone_curvature_spiral",
  "equation": "r(theta)=r0/(1+k theta)^p",
  "shape_class": "monotone_curvature_spiral",
  "inlet_kind": "outer_low_curvature_entry",
  "frequency_hz": 1580732.6422898863,
  "voltage_v": 22.07279308216919,
  "velocity_m_s": 0.0020134661037208234,
  "turns": 1.888725571238179,
  "radius_m": 0.0015651792654105233,
  "pitch_m_per_rad": 1.178508212224964e-05,
  "channel_width_m": 9.557815442470654e-05,
  "eccentricity": 1.0,
  "curvature_power": 1.4186625460959905,
  "inlet_length_m": 0.0007550853993170015,
  "outlet_split_ratio": 0.42148673529301256,
  "inlet_offset_ratio": -0.46037417642429185,
  "inlet_spread_ratio": 0.252236819558059,
  "dep_start_fraction": 0.37039920007960503,
  "dep_end_fraction": 0.9163455854425702,
  "dep_edge_smoothness": 0.019475035248653568,
  "electrode_gap_m": 7.066531959018002e-05,
  "electrode_coverage": 0.5216115603512366,
  "field_gain": 1.033100650937562,
  "dep_sign": -1.0,
  "dean_base": 0.821542251274358,
  "note": "Curvature increases smoothly along the path instead of adding arbitrary waves.",
  "dean_scale": 0.9099471133933222,
  "predicted_v11_score": 0.9010166487600595
}
