{
  "family": "elliptic_logarithmic_spiral",
  "equation": "x=a exp(k theta) cos(theta), y=e a exp(k theta) sin(theta)",
  "shape_class": "elliptic_logarithmic_spiral",
  "inlet_kind": "major_axis_prefocus",
  "frequency_hz": 1792825.9919349728,
  "voltage_v": 22.710963383742623,
  "velocity_m_s": 0.0012377575524787374,
  "turns": 0.7590951699080803,
  "radius_m": 0.0009410623309198224,
  "pitch_m_per_rad": 1.8594519765781554e-05,
  "channel_width_m": 0.00010744298947487163,
  "eccentricity": 0.5934049762585754,
  "curvature_power": 1.0,
  "inlet_length_m": 0.0007395063417853937,
  "outlet_split_ratio": 0.3295685028947381,
  "inlet_offset_ratio": -0.4939249772873701,
  "inlet_spread_ratio": 0.08793955130322967,
  "dep_start_fraction": 0.20918786393066038,
  "dep_end_fraction": 0.8056620731695884,
  "dep_edge_smoothness": 0.01982469412299426,
  "electrode_gap_m": 3.601438083605039e-05,
  "electrode_coverage": 0.44880257769130155,
  "field_gain": 1.16022271459586,
  "dep_sign": -1.0,
  "dean_base": 0.8704025614603559,
  "note": "Elliptic logarithmic spiral for controlled anisotropic curvature.",
  "dean_scale": 1.436164226409587,
  "predicted_v11_score": 0.7745107153261188
}
