sample_id,case_id,mean_target_correct,std_target_correct,mean_wall_loss,mean_gap_um,mean_score,preferred_direction
2,spiral_dep_1_sign_1_f_1630.33kHz_V_6.20617_u_2969_split_0.513148,0.5458333333333333,0.058072332769859805,0.03333333333333333,7.5431153395179535,0.5360057946914052,B_live_outer_dead_inner
6,spiral_dep_1_sign_1_f_1445.27kHz_V_4.43381_u_4156_split_0.398988,0.5166666666666667,0.025259074277046094,0.01875,7.695036165559227,0.5249468113289035,A_live_inner_dead_outer
5,spiral_dep_1_sign_1_f_1080.46kHz_V_5.34293_u_1085_split_0.390604,0.4895833333333333,0.02602082499332668,0.08125,11.671935308256046,0.43877107456635756,A_live_inner_dead_outer
30,spiral_dep_1_sign_1_f_883.861kHz_V_14.6618_u_1732_split_0.452187,0.47500000000000003,0.028641098093473982,0.11041666666666666,7.841325839211321,0.3738653033568453,B_live_outer_dead_inner
46,spiral_dep_1_sign_1_f_401.519kHz_V_4.87875_u_3247_split_0.476666,0.4729166666666667,0.009547032697824658,0.09583333333333333,2.3799145190696414,0.36743632474294524,A_live_inner_dead_outer
