{
  "sample": {
    "family": "asymmetric_c_spiral",
    "visual_shape": "asymmetric_spiral",
    "solver_geometry": "spiral",
    "frequency_hz": 933564.962861874,
    "voltage_v": 18.047324211646007,
    "velocity_m_s": 0.00283704587844439,
    "turns": 3.164512772981049,
    "inner_radius_m": 0.0006289695992271028,
    "pitch_m": 0.00021014643627975104,
    "channel_width_m": 0.00013772555907540503,
    "outlet_split_ratio": 0.2948872840596038,
    "inlet_offset_ratio": -0.7827242804334984,
    "inlet_spread_ratio": 0.4314974388489655,
    "dep_start_fraction": 0.30587588266921784,
    "dep_end_fraction": 0.9709626792758761,
    "dep_sign": -1.0,
    "dean_scale": 0.9124417376951885,
    "field_gain": 1.3942403212886512,
    "length_factor": 0.571198449114013,
    "footprint_factor": 0.78,
    "note": "C/spiral hybrid with asymmetric curvature and segmented electrodes.",
    "predicted_v8_score": 0.9723350344315762
  },
  "summary": {
    "case_id": "spiral_dep_1_sign_-1_f_933.565kHz_V_25.1623_u_2837_split_0.294887",
    "seed": 44001,
    "geometry": "spiral",
    "dep_enabled": true,
    "dep_sign": -1.0,
    "frequency_hz": 933564.962861874,
    "turns": 3.164512772981049,
    "pitch_um": 210.14643627975104,
    "channel_width_um": 137.72555907540504,
    "voltage_v": 25.16230710724578,
    "velocity_um_s": 2837.04587844439,
    "outlet_split_ratio": 0.2948872840596038,
    "correct_A_live_inner_dead_outer": 0.04285714285714286,
    "correct_B_live_outer_dead_inner": 0.9571428571428572,
    "target_correct": 0.9571428571428572,
    "preferred_direction": "B_live_outer_dead_inner",
    "live_recovery_A": 0.0,
    "dead_removal_A": 0.08571428571428572,
    "wall_loss": 0.0,
    "live_final_lateral_mean_um": -14.296608842724513,
    "dead_final_lateral_mean_um": -37.958992906145795,
    "distribution_gap_um": 23.662384063421282
  }
}
