scenario,n,mean_target_correct,std_target_correct,min_target_correct,mean_wall_loss,mean_live_recovery,mean_dead_removal,mean_live_outlet_purity,mean_dead_outlet_purity
nominal_heldout,6,0.9985714285714286,0.002390457218668776,0.9942857142857143,0.0014285714285714286,1.0,0.997142857142857,1.0,1.0
straight_same_length_dep,4,0.9366666666666666,0.006526300069150368,0.93,0.06333333333333334,1.0,0.8733333333333333,1.0,1.0
tolerance_perturbed,12,0.9196666666666666,0.1269554920816621,0.66,0.044333333333333336,0.9303333333333333,0.9089999999999999,0.9296490388856228,1.0
spiral_dep_moderate_inlet,4,0.8416666666666667,0.015515822270854412,0.8266666666666667,0.0008333333333333334,0.9983333333333333,0.6849999999999999,0.7604197608387208,1.0
spiral_dep_unfocused_inlet,4,0.5025,0.0418661889569349,0.44166666666666665,0.18624999999999997,0.6866666666666666,0.31833333333333336,0.524363076168834,1.0
spiral_no_dep,4,0.50125,0.0015957118462605522,0.5,0.0,0.5025000000000001,0.5,0.75,0.25062674133589424
