{
  "target_correct": {
    "target": "target_correct",
    "rows": 513,
    "features": 39,
    "train_r2": 0.7288608387369113,
    "test_r2": 0.3726518364957858,
    "train_mae": 0.05242256915942727,
    "test_mae": 0.07678059718729383
  },
  "design_score": {
    "target": "design_score",
    "rows": 513,
    "features": 39,
    "train_r2": 0.7550511962108339,
    "test_r2": 0.6483059872128237,
    "train_mae": 0.09342017003445872,
    "test_mae": 0.1042371555295239
  }
}