{
  "family": "monotone_curvature_spiral",
  "equation": "r(theta)=r0/(1+k theta)^p",
  "shape_class": "monotone_curvature_spiral",
  "inlet_kind": "outer_low_curvature_entry",
  "frequency_hz": 1339915.5921650894,
  "voltage_v": 17.775885466550996,
  "velocity_m_s": 0.0008899060564098204,
  "turns": 1.3519955658315275,
  "radius_m": 0.0010606597532568857,
  "pitch_m_per_rad": 1.4291051180261819e-05,
  "channel_width_m": 9.665074254842802e-05,
  "eccentricity": 1.0,
  "curvature_power": 1.1977689451830242,
  "inlet_length_m": 0.0002531526783609386,
  "outlet_split_ratio": 0.3528461761734629,
  "inlet_offset_ratio": -0.6154238586204415,
  "inlet_spread_ratio": 0.2937267833556968,
  "dep_start_fraction": 0.26533266869800914,
  "dep_end_fraction": 0.8510963419411043,
  "dep_edge_smoothness": 0.020791229786242156,
  "electrode_gap_m": 6.273165123614977e-05,
  "electrode_coverage": 0.6693371952008833,
  "field_gain": 1.0651440798888965,
  "dep_sign": -1.0,
  "dean_base": 1.193348375735821,
  "note": "Curvature increases smoothly along the path instead of adding arbitrary waves.",
  "dean_scale": 1.75,
  "predicted_v10_score": 1.0125935875077254
}
