{
  "family": "elliptic_archimedean_short",
  "equation": "x=(a+b theta) cos(theta), y=e(a+b theta) sin(theta)",
  "shape_class": "elliptic_spiral",
  "inlet_kind": "major_axis_prefocus",
  "frequency_hz": 1155868.6958432265,
  "voltage_v": 18.510278867441052,
  "velocity_m_s": 0.0010329327274076572,
  "turns": 1.5487341083980348,
  "radius_m": 0.0007937045959657787,
  "pitch_m_per_rad": 2.1150483763539077e-05,
  "channel_width_m": 0.00010764459765904079,
  "eccentricity": 0.6758009650198542,
  "curvature_power": 1.0,
  "inlet_length_m": 0.0005847096176534112,
  "outlet_split_ratio": 0.3282199581370407,
  "inlet_offset_ratio": -0.7442181210167399,
  "inlet_spread_ratio": 0.27739786658126087,
  "dep_start_fraction": 0.23570329083374433,
  "dep_end_fraction": 0.7828242720607692,
  "dep_edge_smoothness": 0.04548184064173317,
  "electrode_gap_m": 6.257939129608769e-05,
  "electrode_coverage": 0.44626729742678084,
  "field_gain": 1.0578465679884275,
  "dep_sign": -1.0,
  "dean_base": 0.9162027737368816,
  "note": "Symmetric elliptical spiral; tests whether anisotropic curvature helps shorten the channel.",
  "dean_scale": 1.5117345766658545,
  "predicted_v10_score": 0.9415496927310789
}
