{
  "family": "elliptic_prefocus_spiral",
  "equation": "straight inlet + x=(a+b theta) cos(theta), y=e(a+b theta) sin(theta)",
  "shape_class": "elliptic_spiral_with_inlet",
  "inlet_kind": "straight_prefocus",
  "frequency_hz": 1678267.787417653,
  "voltage_v": 20.94082299729306,
  "velocity_m_s": 0.0009202305944594321,
  "turns": 1.6678085221687526,
  "radius_m": 0.0009179444025412275,
  "pitch_m_per_rad": 2.2282831957931184e-05,
  "channel_width_m": 9.508678985216352e-05,
  "eccentricity": 0.5510422563093171,
  "curvature_power": 1.0,
  "inlet_length_m": 0.0005015600362546132,
  "outlet_split_ratio": 0.3527953427324898,
  "inlet_offset_ratio": -0.5706125744332682,
  "inlet_spread_ratio": 0.23690347555810432,
  "dep_start_fraction": 0.29786012410962653,
  "dep_end_fraction": 0.6335051138627481,
  "dep_edge_smoothness": 0.02785838372979935,
  "electrode_gap_m": 4.188130314655197e-05,
  "electrode_coverage": 0.4832796607348551,
  "field_gain": 1.1105114448178004,
  "dep_sign": -1.0,
  "dean_base": 1.0819513289614011,
  "note": "Explicit inlet-focusing segment followed by an elliptical spiral.",
  "dean_scale": 1.75,
  "predicted_v10_score": 0.9189487896492796
}
