{
  "family": "elliptic_prefocus_spiral",
  "equation": "straight inlet + x=(a+b theta) cos(theta), y=e(a+b theta) sin(theta)",
  "shape_class": "elliptic_spiral_with_inlet",
  "inlet_kind": "straight_prefocus",
  "frequency_hz": 1067561.8256626017,
  "voltage_v": 12.67912845337542,
  "velocity_m_s": 0.0009461394143469733,
  "turns": 1.5939633362288714,
  "radius_m": 0.0009638853525125212,
  "pitch_m_per_rad": 2.3681693633594005e-05,
  "channel_width_m": 9.474944316322902e-05,
  "eccentricity": 0.6513972475161456,
  "curvature_power": 1.0,
  "inlet_length_m": 0.0008256837277951631,
  "outlet_split_ratio": 0.3395936510852528,
  "inlet_offset_ratio": -0.504790323350829,
  "inlet_spread_ratio": 0.11706974243842808,
  "dep_start_fraction": 0.43011999577373333,
  "dep_end_fraction": 0.8207868847997766,
  "dep_edge_smoothness": 0.01968346788035435,
  "electrode_gap_m": 6.123374798699125e-05,
  "electrode_coverage": 0.5182614054835821,
  "field_gain": 1.0510597592763318,
  "dep_sign": -1.0,
  "dean_base": 1.1264514486764123,
  "note": "Explicit inlet-focusing segment followed by an elliptical spiral.",
  "dean_scale": 1.75,
  "predicted_v10_score": 0.8809223870771541
}
