{
  "family": "elliptic_archimedean_short",
  "equation": "x=(a+b theta) cos(theta), y=e(a+b theta) sin(theta)",
  "shape_class": "elliptic_spiral",
  "inlet_kind": "major_axis_prefocus",
  "frequency_hz": 1655239.3383574854,
  "voltage_v": 22.75947037448051,
  "velocity_m_s": 0.0009499544494328191,
  "turns": 1.234492713060086,
  "radius_m": 0.0010080504423048387,
  "pitch_m_per_rad": 2.187835910815142e-05,
  "channel_width_m": 0.00010135229480669578,
  "eccentricity": 0.5497084649589684,
  "curvature_power": 1.0,
  "inlet_length_m": 0.0004130799361669138,
  "outlet_split_ratio": 0.4386735561091541,
  "inlet_offset_ratio": -0.40724243053320025,
  "inlet_spread_ratio": 0.22667365459570568,
  "dep_start_fraction": 0.16376366760115585,
  "dep_end_fraction": 0.6302153235049024,
  "dep_edge_smoothness": 0.02820323873374672,
  "electrode_gap_m": 6.323764324826722e-05,
  "electrode_coverage": 0.5951579743482407,
  "field_gain": 1.0645685508958698,
  "dep_sign": -1.0,
  "dean_base": 1.2109087446522175,
  "note": "Symmetric elliptical spiral; tests whether anisotropic curvature helps shorten the channel.",
  "dean_scale": 1.75,
  "predicted_v10_score": 0.9017979778616105
}
