{
  "family": "monotone_curvature_spiral",
  "equation": "r(theta)=r0/(1+k theta)^p",
  "shape_class": "monotone_curvature_spiral",
  "inlet_kind": "outer_low_curvature_entry",
  "frequency_hz": 1042590.8728057459,
  "voltage_v": 18.810081267852933,
  "velocity_m_s": 0.0011762560753614808,
  "turns": 1.7857538358587857,
  "radius_m": 0.001076692597705587,
  "pitch_m_per_rad": 1.9661924658286767e-05,
  "channel_width_m": 0.0001043108772156677,
  "eccentricity": 1.0,
  "curvature_power": 1.326822841770499,
  "inlet_length_m": 0.0004153955856670296,
  "outlet_split_ratio": 0.5274213444009215,
  "inlet_offset_ratio": -0.7055222736503389,
  "inlet_spread_ratio": 0.38208954060500677,
  "dep_start_fraction": 0.2752116514959491,
  "dep_end_fraction": 0.9117126008749034,
  "dep_edge_smoothness": 0.042767678064083776,
  "electrode_gap_m": 5.598634471608172e-05,
  "electrode_coverage": 0.6407190136129008,
  "field_gain": 1.0995464242508084,
  "dep_sign": -1.0,
  "dean_base": 1.0497539269351188,
  "note": "Curvature increases smoothly along the path instead of adding arbitrary waves.",
  "dean_scale": 1.732093979442946
}
