{
  "family": "curvature_modulated_spiral",
  "equation": "r(theta)=a+b theta+c sin(n theta+phi)",
  "solver_geometry": "spiral",
  "frequency_hz": 1702134.028057329,
  "voltage_v": 18.37072938534883,
  "velocity_m_s": 0.001225227742623885,
  "turns": 4.553908125186932,
  "a_m": 0.0007518674198993576,
  "b_m_per_rad": 3.6830766466720175e-05,
  "c_ratio": 0.05128616936204389,
  "n_mode": 2.778018556468921,
  "phase_rad": 1.6809353728709082,
  "width0_m": 0.00013666374301232645,
  "outlet_expansion_beta": 0.2927592835892628,
  "outlet_expansion_center": 0.898149538589843,
  "outlet_expansion_ell": 0.06012185460256546,
  "outlet_split_ratio": 0.4075744565798495,
  "inlet_offset_ratio": -0.6371650654813458,
  "inlet_spread_ratio": 0.22401326593407103,
  "dep_start_fraction": 0.36047325876033387,
  "dep_end_fraction": 0.9306755722251258,
  "dep_edge_smoothness": 0.043346027342645116,
  "field_gain": 1.268070378455227,
  "dep_sign": -1.0,
  "dean_scale": 1.1663189585360234,
  "footprint_factor": 0.82,
  "note": "Smooth curvature modulation to align Dean drift with DEP staging.",
  "predicted_v9_score": 0.7016791199905251
}
