{
  "family": "curvature_modulated_spiral",
  "equation": "r(theta)=a+b theta+c sin(n theta+phi)",
  "solver_geometry": "spiral",
  "frequency_hz": 1339050.4447676807,
  "voltage_v": 21.894586157133794,
  "velocity_m_s": 0.005277272363427039,
  "turns": 4.584712766010458,
  "a_m": 0.000547188199529448,
  "b_m_per_rad": 4.5901682822526596e-05,
  "c_ratio": 0.08812204144654714,
  "n_mode": 1.8023527861300928,
  "phase_rad": 3.123835479992195,
  "width0_m": 0.0001352557221565387,
  "outlet_expansion_beta": 0.06314456896059896,
  "outlet_expansion_center": 0.8623106322020471,
  "outlet_expansion_ell": 0.05347634955094402,
  "outlet_split_ratio": 0.3420961106266297,
  "inlet_offset_ratio": -0.7995948756492653,
  "inlet_spread_ratio": 0.15591249296880477,
  "dep_start_fraction": 0.4221680108728923,
  "dep_end_fraction": 0.7910120540021229,
  "dep_edge_smoothness": 0.02463705614530554,
  "field_gain": 1.2748394775038414,
  "dep_sign": -1.0,
  "dean_scale": 1.1851508090556673,
  "footprint_factor": 0.82,
  "note": "Smooth curvature modulation to align Dean drift with DEP staging."
}
