{
  "family": "curvature_modulated_spiral",
  "equation": "r(theta)=a+b theta+c sin(n theta+phi)",
  "solver_geometry": "spiral",
  "frequency_hz": 1628416.6714339412,
  "voltage_v": 22.578131167714425,
  "velocity_m_s": 0.0016300496580905575,
  "turns": 4.466209441965537,
  "a_m": 0.0008297646723710616,
  "b_m_per_rad": 3.691620245796407e-05,
  "c_ratio": 0.0677154573109322,
  "n_mode": 2.123762505033234,
  "phase_rad": -0.6909972501588766,
  "width0_m": 0.000140230169827002,
  "outlet_expansion_beta": 0.05534123548045569,
  "outlet_expansion_center": 0.8245991405839455,
  "outlet_expansion_ell": 0.04495383556434397,
  "outlet_split_ratio": 0.37955380843826303,
  "inlet_offset_ratio": -0.8051202458864368,
  "inlet_spread_ratio": 0.239902712322448,
  "dep_start_fraction": 0.2786775493444389,
  "dep_end_fraction": 0.7630092189732121,
  "dep_edge_smoothness": 0.05496794680814113,
  "field_gain": 1.2219743478687035,
  "dep_sign": -1.0,
  "dean_scale": 1.0559926419440417,
  "footprint_factor": 0.82,
  "note": "Smooth curvature modulation to align Dean drift with DEP staging.",
  "predicted_v9_score": 0.7006688697280059
}
