{
  "family": "outlet_expanded_modulated_spiral",
  "equation": "r(theta)=a+b theta+c sin(n theta+phi), w(s)=w0[1+beta sigmoid(...)]",
  "solver_geometry": "spiral",
  "frequency_hz": 1012887.698382072,
  "voltage_v": 22.391919904482148,
  "velocity_m_s": 0.0015722589947295715,
  "turns": 4.760944321999647,
  "a_m": 0.0007320010562466721,
  "b_m_per_rad": 5.359821642647724e-05,
  "c_ratio": 0.08386042322111861,
  "n_mode": 2.204202251632744,
  "phase_rad": -1.4687552099689545,
  "width0_m": 0.00012814642562715352,
  "outlet_expansion_beta": 0.5650852884514392,
  "outlet_expansion_center": 0.8162471839269608,
  "outlet_expansion_ell": 0.06957680960355132,
  "outlet_split_ratio": 0.48124735948659625,
  "inlet_offset_ratio": -0.7374466738109642,
  "inlet_spread_ratio": 0.2505551676977795,
  "dep_start_fraction": 0.47512375764622605,
  "dep_end_fraction": 0.8135022666772744,
  "dep_edge_smoothness": 0.0317196834103978,
  "field_gain": 1.3073753045397274,
  "dep_sign": -1.0,
  "dean_scale": 1.0488634104435912,
  "footprint_factor": 0.92,
  "note": "Late outlet expansion to reduce wall loss after DEP separation.",
  "predicted_v9_score": 0.8162655470706943
}
