{
  "family": "curvature_modulated_spiral",
  "equation": "r(theta)=a+b theta+c sin(n theta+phi)",
  "solver_geometry": "spiral",
  "frequency_hz": 1078902.5833762318,
  "voltage_v": 23.562109280058213,
  "velocity_m_s": 0.0014399837013288242,
  "turns": 4.584387287641331,
  "a_m": 0.0007491788304559944,
  "b_m_per_rad": 3.548099418398327e-05,
  "c_ratio": 0.08539459071349378,
  "n_mode": 2.1333620810953247,
  "phase_rad": 2.861843543832455,
  "width0_m": 0.00013517311216902178,
  "outlet_expansion_beta": 0.25649308969092854,
  "outlet_expansion_center": 0.8054381071624956,
  "outlet_expansion_ell": 0.03580388739033289,
  "outlet_split_ratio": 0.4424758080541593,
  "inlet_offset_ratio": -0.7793959935059012,
  "inlet_spread_ratio": 0.2363656645085234,
  "dep_start_fraction": 0.35709447788620535,
  "dep_end_fraction": 0.8637583161228187,
  "dep_edge_smoothness": 0.027666311937596187,
  "field_gain": 1.1309448186699351,
  "dep_sign": -1.0,
  "dean_scale": 0.9308909125812539,
  "footprint_factor": 0.82,
  "note": "Smooth curvature modulation to align Dean drift with DEP staging.",
  "predicted_v9_score": 0.7007455744037112
}
