{
  "family": "stepwise_late_dep_spiral",
  "screen_row": {
    "family": "stepwise_late_dep_spiral",
    "sample_id": 121.0,
    "note": "Stepwise/multi-stage-inspired late DEP activation.",
    "frequency_hz": 1388555.0612704507,
    "voltage_v": 22.272991871374998,
    "velocity_um_s": 1744.3746529495222,
    "turns": 6.5773633600600405,
    "inner_radius_um": 779.8793079856449,
    "pitch_um": 236.42419759260952,
    "channel_width_um": 184.44061787294638,
    "outlet_split_ratio": 0.3555152519014947,
    "inlet_offset_ratio": -0.5411092380295437,
    "inlet_spread_ratio": 0.20750496449848868,
    "dep_start_fraction": 0.5915931801451617,
    "dep_end_fraction": 0.9320725550086099,
    "dep_sign": -1.0,
    "dean_scale": 0.85,
    "target_correct": 0.9071428571428571,
    "wall_loss": 0.0,
    "distribution_gap_um": 23.0307480178211,
    "live_recovery": 0.8857142857142857,
    "dead_removal": 0.9285714285714286,
    "live_outlet_purity": 0.9253731343283582,
    "dead_outlet_purity": 0.8904109589041096,
    "length_mm": 64.38310740849792,
    "footprint_mm2": 18.507263219244223,
    "residence_s": 36.908990450895416,
    "flow_uL_min": 0.9652006163757489,
    "pressure_drop_kPa": 0.6501097308916848,
    "reynolds": 0.13682285138379005,
    "electric_field_kV_m": 120.75969018233259,
    "active_joule_power_mW": 5.896078966168001,
    "adiabatic_delta_c_proxy": 87.9479075297827,
    "steady_substrate_delta_c_proxy": 1.592909469196164,
    "min_bend_radius_um": 687.6589990491718,
    "thermal_risk": "low",
    "v7_score": 0.896779371466514
  },
  "summary": {
    "case_id": "spiral_dep_1_sign_-1_f_1388.56kHz_V_22.273_u_1744_split_0.355515",
    "seed": 9701,
    "geometry": "spiral",
    "dep_enabled": true,
    "dep_sign": -1.0,
    "frequency_hz": 1388555.0612704507,
    "turns": 6.5773633600600405,
    "pitch_um": 236.42419759260952,
    "channel_width_um": 184.44061787294638,
    "voltage_v": 22.272991871374998,
    "velocity_um_s": 1744.374652949522,
    "outlet_split_ratio": 0.3555152519014947,
    "correct_A_live_inner_dead_outer": 0.075,
    "correct_B_live_outer_dead_inner": 0.925,
    "target_correct": 0.925,
    "preferred_direction": "B_live_outer_dead_inner",
    "live_recovery_A": 0.10833333333333334,
    "dead_removal_A": 0.041666666666666664,
    "wall_loss": 0.0,
    "live_final_lateral_mean_um": -17.49888856353053,
    "dead_final_lateral_mean_um": -41.150401069686694,
    "distribution_gap_um": 23.651512506156163
  }
}
