family,sample_id,mean_target_correct,std_target_correct,mean_wall_loss,mean_live_recovery,mean_dead_removal,mean_live_outlet_purity,mean_dead_outlet_purity,length_mm,footprint_mm2,residence_s,pressure_drop_kPa,active_joule_power_mW,adiabatic_delta_c_proxy,steady_substrate_delta_c_proxy,thermal_risk,straight_control_correct,no_dep_correct,unfocused_inlet_correct,topology_gain_vs_straight,passes_v7_gate
stepwise_late_dep_spiral,121,0.9141666666666667,0.013977495139343469,0.0,0.8750000000000001,0.9533333333333334,0.9494871707022319,0.8844786499862269,64.3831074084979,18.507263219244223,36.908990450895416,0.6501097308916846,5.896078966168001,87.94790752978271,1.592909469196164,low,0.675,0.50625,0.5375000000000001,0.23916666666666664,True
v6_balanced_spiral,12,0.9933333333333333,0.004714045207910321,0.0,0.9866666666666666,1.0,1.0,0.9869057615441372,119.57634475635709,37.51630654151443,54.451933074010476,1.4956966189626317,18.95743900659125,206.8777718101794,2.5265598821159956,moderate,0.8583333333333334,0.5,0.5666666666666667,0.1349999999999999,True
long_low_voltage_spiral,138,0.9933333333333334,0.0027216552697591043,0.0,0.9966666666666666,0.99,0.9901418988648091,0.9966777041942605,98.70224436301118,27.140556930321296,34.29958085780451,1.6764519855457767,14.709295519716171,145.4454709850128,2.709836713645883,moderate,0.8833333333333333,0.5083333333333333,0.5375000000000001,0.1100000000000001,True
short_smooth_spiral,29,0.95,0.011863420280034773,0.0,0.9,1.0,1.0,0.9094073522908162,33.61371665367393,9.208359643009645,16.561397540960087,0.40701439817436336,6.998052432802953,102.65534551663,3.7998366180861503,low,0.88125,0.5,0.5875,0.06874999999999998,False
same_length_serpentine,89,0.9108333333333333,0.010318986456114869,0.04833333333333333,0.8883333333333333,0.9333333333333333,1.0,0.9205437422859439,119.02808534272495,17.521383407710655,48.34126445987488,1.6991414392318036,16.134751253521276,171.78645700996813,4.6043028903816,moderate,0.8708333333333333,0.46875,0.6416666666666666,0.039999999999999925,False
short_serpentine,105,0.9033333333333333,0.024795459560468205,0.035833333333333335,0.8633333333333333,0.9433333333333334,1.0,0.8859261618118396,51.541146304399135,6.902435143048124,24.443795378513165,0.6524966344128253,8.87396869788017,128.5756209877053,6.428143484127989,moderate,0.90625,0.46875,0.625,-0.0029166666666666785,False
