{
  "case_id": "turns_4_voltage_8_velocity_3000um_s",
  "split": "validation_best_visual",
  "seed": 101,
  "turns": 4.0,
  "voltage_v": 8.0,
  "velocity_um_s": 3000.0,
  "particles_total": 240,
  "correct_fraction": 0.425,
  "live_recovery": 0.31666666666666665,
  "dead_removal": 0.5333333333333333,
  "live_purity": 0.42696629213483145,
  "dead_outlet_purity": 0.49612403100775193,
  "wall_loss": 0.09166666666666666,
  "live_inner": 38,
  "live_outer": 65,
  "live_lost": 17,
  "dead_inner": 51,
  "dead_outer": 64,
  "dead_lost": 5,
  "mean_live_re_cm": 0.9761147529946501,
  "mean_dead_re_cm": 0.0032631806418226108,
  "mean_live_radius_um": 11.342433170274456,
  "mean_dead_radius_um": 11.023553824155648
}
