{
  "grad_mag_mean": 66714.70658427746,
  "grad_mag_p95": 69662.10248044432,
  "grad_mag_max": 70292.65775575003,
  "cell_count": 3840
}
